,Pair,RC,IRS,STS,VTS,RRS,SD,TD,Target
0,"(56, 57)",45,0,0,0,35,1,3,0
1,"(56, 58)",85,22.5,10,15,100,1,23,0
2,"(56, 59)",85,22.5,10,15,100,1,32,0
3,"(56, 60)",80,17.14285714,45,50,100,2,16,0
4,"(56, 61)",80,17.14285714,45,50,100,2,2,0
5,"(56, 62)",60,17.14285714,40,45,95,2,133,0
6,"(56, 63)",70,17.14285714,45,50,100,2,120,0
7,"(56, 64)",45,28.33333333,10,25,100,7,150,0
8,"(56, 65)",50,31.11111111,0,15,5,4,147,0
9,"(56, 66)",60,15.55555556,10,10,85,4,135,0
10,"(56, 67)",70,26.66666667,75,80,85,2,18,1
11,"(56, 68)",60,15.55555556,10,10,90,4,146,0
12,"(56, 69)",70,43.63636364,0,0,90,6,51,0
13,"(56, 70)",65,14.16666667,15,15,100,7,53,0
14,"(56, 71)",70,31.11111111,0,5,100,4,17,0
15,"(56, 72)",45,13.57142857,0,0,95,9,2,0
16,"(56, 73)",75,22.5,10,15,95,1,790,0
17,"(56, 74)",75,16.25,0,0,100,3,61,0
18,"(56, 75)",75,16.25,0,0,100,3,69,0
19,"(56, 76)",80,51.42857143,45,50,100,2,16,0
20,"(56, 77)",65,0,20,25,100,1,148,0
21,"(56, 78)",80,51.42857143,45,50,100,2,17,0
22,"(56, 79)",65,36.66666667,50,55,90,1,1,0
23,"(56, 80)",70,20,50,55,95,0,6,0
24,"(56, 81)",35,39.375,0,10,100,11,39,0
25,"(56, 82)",35,39.375,5,10,85,11,10,0
26,"(56, 83)",60,17.14285714,40,45,100,2,14,0
27,"(56, 84)",55,0,35,40,100,1,4,0
28,"(56, 85)",65,15,25,30,95,5,380,0
29,"(56, 86)",75,0,30,35,95,3,272,0
30,"(56, 87)",65,0,35,40,100,1,217,0
31,"(56, 88)",70,0,20,25,100,2,94,0
32,"(56, 89)",65,0,30,35,100,1,203,0
33,"(56, 90)",75,36.66666667,5,10,100,1,112,0
34,"(56, 91)",75,0,5,5,95,1,249,0
35,"(56, 92)",50,0,0,5,100,2,95,0
36,"(56, 93)",65,18.33333333,25,30,95,1,163,0
37,"(56, 94)",60,34.28571429,10,15,95,2,458,0
38,"(56, 95)",45,14.16666667,15,15,100,7,348,0
39,"(56, 96)",85,45,40,45,100,1,271,0
40,"(56, 97)",85,67.5,40,45,100,1,259,0
41,"(56, 98)",75,22.5,25,30,100,1,62,0
42,"(56, 99)",55,0,0,5,100,1,4,0
43,"(56, 100)",75,22.5,25,30,100,1,96,0
44,"(56, 101)",55,16.25,5,5,100,3,95,0
45,"(56, 102)",55,0,10,10,100,3,18,0
46,"(56, 103)",65,0,20,25,100,1,19,0
47,"(56, 104)",75,35,10,15,100,3,44,0
48,"(56, 105)",60,0,0,5,100,2,9,0
49,"(56, 106)",60,0,55,55,100,2,54,0
50,"(56, 107)",60,0,55,55,100,2,51,0
51,"(56, 108)",45,0,0,0,100,1,0,0
52,"(57, 58)",60,20.83333333,5,0,35,2,26,0
53,"(57, 59)",60,20.83333333,0,0,35,2,35,0
54,"(57, 60)",55,15.47619048,0,0,35,1,19,0
55,"(57, 61)",55,15.47619048,0,0,35,1,1,0
56,"(57, 62)",75,61.9047619,0,0,30,1,136,0
57,"(57, 63)",65,46.42857143,0,0,35,1,123,0
58,"(57, 64)",40,25,5,0,35,6,153,0
59,"(57, 65)",45,13.88888889,0,15,60,3,150,0
60,"(57, 66)",65,13.88888889,0,0,30,3,138,0
61,"(57, 67)",75,25,0,5,30,3,21,0
62,"(57, 68)",65,13.88888889,0,0,25,3,149,0
63,"(57, 69)",45,12.87878788,20,25,45,5,54,0
64,"(57, 70)",50,0,0,0,35,6,56,0
65,"(57, 71)",55,0,10,30,35,3,14,0
66,"(57, 72)",30,0,10,20,40,8,1,0
67,"(57, 73)",70,41.66666667,5,0,30,2,787,0
68,"(57, 74)",60,14.58333333,0,0,35,2,64,0
69,"(57, 75)",60,14.58333333,0,0,35,2,72,0
70,"(57, 76)",65,15.47619048,10,15,35,1,13,0
71,"(57, 77)",60,20.83333333,5,0,35,2,151,0
72,"(57, 78)",65,15.47619048,5,10,35,1,14,0
73,"(57, 79)",70,16.66666667,0,0,35,0,2,0
74,"(57, 80)",65,18.33333333,0,0,30,1,3,0
75,"(57, 81)",30,11.45833333,0,10,35,10,42,0
76,"(57, 82)",30,11.45833333,0,10,40,10,13,0
77,"(57, 83)",65,15.47619048,0,10,35,1,11,0
78,"(57, 84)",70,16.66666667,0,10,35,0,1,0
79,"(57, 85)",60,40,0,0,30,4,383,0
80,"(57, 86)",50,0,0,10,30,2,275,0
81,"(57, 87)",60,0,0,0,35,0,220,0
82,"(57, 88)",65,25,5,0,35,3,97,0
83,"(57, 89)",60,0,0,0,35,0,206,0
84,"(57, 90)",60,0,0,30,35,0,115,0
85,"(57, 91)",60,16.66666667,0,0,30,0,252,0
86,"(57, 92)",65,0,10,15,35,1,98,0
87,"(57, 93)",80,16.66666667,0,0,30,0,166,0
88,"(57, 94)",75,30.95238095,0,0,40,1,461,0
89,"(57, 95)",60,25,0,0,35,6,351,0
90,"(57, 96)",60,0,0,0,35,2,274,0
91,"(57, 97)",60,0,0,0,35,2,262,0
92,"(57, 98)",70,20.83333333,0,0,35,2,65,0
93,"(57, 99)",80,41.66666667,15,25,35,2,7,0
94,"(57, 100)",70,20.83333333,0,0,35,2,99,0
95,"(57, 101)",70,29.16666667,0,35,35,2,98,0
96,"(57, 102)",70,29.16666667,5,35,35,2,15,0
97,"(57, 103)",60,0,0,5,35,0,22,0
98,"(57, 104)",60,0,5,5,35,4,47,0
99,"(57, 105)",85,50,15,20,35,3,12,0
100,"(57, 106)",85,50,0,10,35,3,57,0
101,"(57, 107)",85,50,0,10,35,3,54,0
102,"(57, 108)",90,66.66666667,15,55,35,0,3,1
103,"(58, 59)",100,100,80,95,100,0,9,1
104,"(58, 60)",65,39.28571429,10,15,100,3,7,0
105,"(58, 61)",65,39.28571429,15,20,100,3,25,0
106,"(58, 62)",75,19.64285714,5,10,95,3,110,0
107,"(58, 63)",75,39.28571429,5,10,100,3,97,0
108,"(58, 64)",40,16.66666667,0,5,100,8,127,0
109,"(58, 65)",45,18.05555556,0,0,5,5,124,0
110,"(58, 66)",65,54.16666667,65,90,85,5,112,0
111,"(58, 67)",65,0,0,0,85,1,5,0
112,"(58, 68)",65,54.16666667,65,90,90,5,123,0
113,"(58, 69)",65,34.09090909,10,0,90,7,28,0
114,"(58, 70)",60,33.33333333,10,25,100,8,30,0
115,"(58, 71)",75,54.16666667,0,0,100,5,40,0
116,"(58, 72)",50,32.14285714,0,10,95,10,25,0
117,"(58, 73)",90,75,35,40,95,0,813,0
118,"(58, 74)",60,37.5,5,10,100,4,38,0
119,"(58, 75)",60,37.5,5,10,100,4,46,0
120,"(58, 76)",75,39.28571429,15,10,100,3,39,0
121,"(58, 77)",80,25,25,30,100,0,125,0
122,"(58, 78)",75,39.28571429,15,10,100,3,40,0
123,"(58, 79)",80,41.66666667,10,15,90,2,24,0
124,"(58, 80)",85,67.5,10,15,95,1,29,0
125,"(58, 81)",30,15.625,5,5,100,12,16,0
126,"(58, 82)",30,15.625,5,5,85,12,13,0
127,"(58, 83)",65,19.64285714,5,10,100,3,37,0
128,"(58, 84)",60,20.83333333,5,10,100,2,27,0
129,"(58, 85)",50,17.5,20,25,95,6,357,0
130,"(58, 86)",70,18.75,20,25,95,4,249,0
131,"(58, 87)",60,20.83333333,15,20,100,2,194,0
132,"(58, 88)",85,29.16666667,30,30,100,1,71,0
133,"(58, 89)",60,20.83333333,20,25,100,2,180,0
134,"(58, 90)",90,41.66666667,0,0,100,2,89,0
135,"(58, 91)",70,20.83333333,40,45,95,2,226,0
136,"(58, 92)",55,0,5,0,100,3,72,0
137,"(58, 93)",70,41.66666667,15,30,95,2,140,0
138,"(58, 94)",75,39.28571429,25,40,95,3,435,0
139,"(58, 95)",40,16.66666667,25,35,100,8,325,0
140,"(58, 96)",80,50,10,15,100,0,248,0
141,"(58, 97)",80,25,10,15,100,0,236,0
142,"(58, 98)",80,50,10,10,100,0,39,0
143,"(58, 99)",60,0,5,0,100,0,19,0
144,"(58, 100)",80,50,15,15,100,0,73,0
145,"(58, 101)",60,37.5,0,0,100,4,72,0
146,"(58, 102)",60,37.5,0,0,100,4,41,0
147,"(58, 103)",60,20.83333333,5,10,100,2,4,0
148,"(58, 104)",80,0,10,15,100,2,21,0
149,"(58, 105)",65,0,0,0,100,1,14,0
150,"(58, 106)",65,0,0,0,100,1,31,0
151,"(58, 107)",65,0,0,0,100,1,28,0
152,"(58, 108)",60,20.83333333,0,0,100,2,23,0
153,"(59, 60)",65,39.28571429,10,15,100,3,16,0
154,"(59, 61)",65,39.28571429,10,15,100,3,34,0
155,"(59, 62)",75,19.64285714,5,10,95,3,101,0
156,"(59, 63)",75,39.28571429,5,10,100,3,88,0
157,"(59, 64)",40,16.66666667,0,5,100,8,118,0
158,"(59, 65)",45,18.05555556,0,0,5,5,115,0
159,"(59, 66)",65,54.16666667,70,95,85,5,103,0
160,"(59, 67)",65,0,0,0,85,1,14,0
161,"(59, 68)",65,54.16666667,75,90,90,5,114,0
162,"(59, 69)",65,34.09090909,5,0,90,7,19,0
163,"(59, 70)",60,33.33333333,10,25,100,8,21,0
164,"(59, 71)",75,54.16666667,5,5,100,5,49,0
165,"(59, 72)",50,32.14285714,5,10,95,10,34,0
166,"(59, 73)",90,75,35,40,95,0,822,0
167,"(59, 74)",60,37.5,10,10,100,4,29,0
168,"(59, 75)",60,37.5,10,10,100,4,37,0
169,"(59, 76)",75,39.28571429,10,10,100,3,48,0
170,"(59, 77)",80,25,25,30,100,0,116,0
171,"(59, 78)",75,39.28571429,10,10,100,3,49,0
172,"(59, 79)",80,41.66666667,10,15,90,2,33,0
173,"(59, 80)",85,67.5,10,15,95,1,38,0
174,"(59, 81)",30,15.625,10,5,100,12,7,0
175,"(59, 82)",30,15.625,5,5,85,12,22,0
176,"(59, 83)",65,19.64285714,10,10,100,3,46,0
177,"(59, 84)",60,20.83333333,10,10,100,2,36,0
178,"(59, 85)",50,17.5,20,25,95,6,348,0
179,"(59, 86)",70,18.75,20,25,95,4,240,0
180,"(59, 87)",60,20.83333333,15,20,100,2,185,0
181,"(59, 88)",85,29.16666667,30,30,100,1,62,0
182,"(59, 89)",60,20.83333333,20,25,100,2,171,0
183,"(59, 90)",90,41.66666667,0,0,100,2,80,0
184,"(59, 91)",70,20.83333333,45,45,95,2,217,0
185,"(59, 92)",55,0,5,0,100,3,63,0
186,"(59, 93)",70,41.66666667,15,25,95,2,131,0
187,"(59, 94)",75,39.28571429,25,40,95,3,426,0
188,"(59, 95)",40,16.66666667,25,35,100,8,316,0
189,"(59, 96)",80,50,10,15,100,0,239,0
190,"(59, 97)",80,25,10,15,100,0,227,0
191,"(59, 98)",80,50,5,10,100,0,30,0
192,"(59, 99)",60,0,0,0,100,0,28,0
193,"(59, 100)",80,50,5,10,100,0,64,0
194,"(59, 101)",60,37.5,5,0,100,4,63,0
195,"(59, 102)",60,37.5,5,0,100,4,50,0
196,"(59, 103)",60,20.83333333,0,5,100,2,13,0
197,"(59, 104)",80,0,5,10,100,2,12,0
198,"(59, 105)",65,0,0,0,100,1,23,0
199,"(59, 106)",65,0,0,0,100,1,22,0
200,"(59, 107)",65,0,0,0,100,1,19,0
201,"(59, 108)",60,20.83333333,0,0,100,2,32,0
202,"(60, 61)",100,100,100,100,100,0,18,1
203,"(60, 62)",70,28.57142857,55,65,95,0,117,0
204,"(60, 63)",70,42.85714286,60,65,100,0,104,0
205,"(60, 64)",55,22.61904762,0,10,100,5,134,0
206,"(60, 65)",50,12.6984127,0,10,5,2,131,0
207,"(60, 66)",80,50.79365079,10,15,85,2,119,0
208,"(60, 67)",80,47.61904762,35,30,85,4,2,0
209,"(60, 68)",80,50.79365079,10,15,90,2,130,0
210,"(60, 69)",60,23.37662338,0,0,90,4,35,0
211,"(60, 70)",45,22.61904762,5,15,100,5,37,0
212,"(60, 71)",60,25.3968254,0,5,100,2,33,0
213,"(60, 72)",35,10.71428571,0,5,95,7,18,0
214,"(60, 73)",65,39.28571429,15,20,95,3,806,0
215,"(60, 74)",85,53.57142857,0,0,100,1,45,0
216,"(60, 75)",85,53.57142857,0,0,100,1,53,0
217,"(60, 76)",80,28.57142857,50,55,100,0,32,0
218,"(60, 77)",55,0,35,40,100,3,132,0
219,"(60, 78)",80,28.57142857,50,55,100,0,33,0
220,"(60, 79)",65,15.47619048,30,35,90,1,17,0
221,"(60, 80)",60,34.28571429,30,30,95,2,22,0
222,"(60, 81)",45,20.53571429,0,10,100,9,23,0
223,"(60, 82)",45,20.53571429,5,10,85,9,6,0
224,"(60, 83)",70,14.28571429,15,20,100,0,30,0
225,"(60, 84)",65,15.47619048,15,20,100,1,20,0
226,"(60, 85)",65,12.14285714,35,40,95,3,364,0
227,"(60, 86)",75,26.78571429,40,45,95,1,256,0
228,"(60, 87)",75,46.42857143,40,45,100,1,201,0
229,"(60, 88)",60,0,30,35,100,4,78,0
230,"(60, 89)",75,46.42857143,45,50,100,1,187,0
231,"(60, 90)",65,46.42857143,5,0,100,1,96,0
232,"(60, 91)",65,30.95238095,15,10,95,1,233,0
233,"(60, 92)",60,0,0,5,100,0,79,0
234,"(60, 93)",75,46.42857143,25,30,95,1,147,0
235,"(60, 94)",60,14.28571429,15,20,95,0,442,0
236,"(60, 95)",65,11.30952381,15,25,100,5,332,0
237,"(60, 96)",85,39.28571429,40,45,100,3,255,0
238,"(60, 97)",85,19.64285714,45,50,100,3,243,0
239,"(60, 98)",75,39.28571429,35,40,100,3,46,0
240,"(60, 99)",75,39.28571429,0,0,100,3,12,0
241,"(60, 100)",75,39.28571429,30,35,100,3,80,0
242,"(60, 101)",55,13.39285714,0,0,100,1,79,0
243,"(60, 102)",55,26.78571429,0,0,100,1,34,0
244,"(60, 103)",75,15.47619048,30,40,100,1,3,0
245,"(60, 104)",75,0,25,35,100,5,28,0
246,"(60, 105)",70,47.61904762,0,5,100,4,7,0
247,"(60, 106)",70,47.61904762,30,30,100,4,38,0
248,"(60, 107)",70,47.61904762,25,25,100,4,35,0
249,"(60, 108)",45,15.47619048,0,0,100,1,16,0
250,"(61, 62)",70,28.57142857,55,65,95,0,135,0
251,"(61, 63)",70,42.85714286,60,65,100,0,122,0
252,"(61, 64)",55,22.61904762,0,10,100,5,152,0
253,"(61, 65)",50,12.6984127,0,10,5,2,149,0
254,"(61, 66)",80,50.79365079,10,15,85,2,137,0
255,"(61, 67)",80,47.61904762,35,30,85,4,20,0
256,"(61, 68)",80,50.79365079,10,15,90,2,148,0
257,"(61, 69)",60,23.37662338,0,0,90,4,53,0
258,"(61, 70)",45,22.61904762,5,15,100,5,55,0
259,"(61, 71)",60,25.3968254,0,5,100,2,15,0
260,"(61, 72)",35,10.71428571,0,5,95,7,0,0
261,"(61, 73)",65,39.28571429,15,20,95,3,788,0
262,"(61, 74)",85,53.57142857,0,0,100,1,63,0
263,"(61, 75)",85,53.57142857,0,0,100,1,71,0
264,"(61, 76)",80,28.57142857,50,55,100,0,14,0
265,"(61, 77)",55,0,35,40,100,3,150,0
266,"(61, 78)",80,28.57142857,50,55,100,0,15,0
267,"(61, 79)",65,15.47619048,30,35,90,1,1,0
268,"(61, 80)",60,34.28571429,30,30,95,2,4,0
269,"(61, 81)",45,20.53571429,0,10,100,9,41,0
270,"(61, 82)",45,20.53571429,5,10,85,9,12,0
271,"(61, 83)",70,14.28571429,15,20,100,0,12,0
272,"(61, 84)",65,15.47619048,15,20,100,1,2,0
273,"(61, 85)",65,12.14285714,35,40,95,3,382,0
274,"(61, 86)",75,26.78571429,35,45,95,1,274,0
275,"(61, 87)",75,46.42857143,40,45,100,1,219,0
276,"(61, 88)",60,0,35,40,100,4,96,0
277,"(61, 89)",75,46.42857143,45,50,100,1,205,0
278,"(61, 90)",65,46.42857143,5,0,100,1,114,0
279,"(61, 91)",65,30.95238095,15,10,95,1,251,0
280,"(61, 92)",60,0,0,5,100,0,97,0
281,"(61, 93)",75,46.42857143,25,30,95,1,165,0
282,"(61, 94)",60,14.28571429,20,25,95,0,460,0
283,"(61, 95)",65,11.30952381,15,25,100,5,350,0
284,"(61, 96)",85,39.28571429,40,45,100,3,273,0
285,"(61, 97)",85,19.64285714,45,50,100,3,261,0
286,"(61, 98)",75,39.28571429,35,40,100,3,64,0
287,"(61, 99)",75,39.28571429,0,0,100,3,6,0
288,"(61, 100)",75,39.28571429,30,35,100,3,98,0
289,"(61, 101)",55,13.39285714,0,0,100,1,97,0
290,"(61, 102)",55,26.78571429,0,0,100,1,16,0
291,"(61, 103)",75,15.47619048,30,40,100,1,21,0
292,"(61, 104)",75,0,25,35,100,5,46,0
293,"(61, 105)",70,47.61904762,0,5,100,4,11,0
294,"(61, 106)",70,47.61904762,25,25,100,4,56,0
295,"(61, 107)",70,47.61904762,25,25,100,4,53,0
296,"(61, 108)",45,15.47619048,0,0,100,1,2,0
297,"(62, 63)",90,71.42857143,95,100,95,0,13,1
298,"(62, 64)",35,11.30952381,10,40,95,5,17,0
299,"(62, 65)",30,0,0,5,10,2,14,0
300,"(62, 66)",80,12.6984127,5,5,80,2,2,0
301,"(62, 67)",70,23.80952381,30,30,80,4,115,0
302,"(62, 68)",80,12.6984127,5,5,85,2,13,0
303,"(62, 69)",60,23.37662338,0,0,85,4,82,0
304,"(62, 70)",45,0,10,20,95,5,80,0
305,"(62, 71)",70,0,0,5,95,2,150,0
306,"(62, 72)",45,0,0,5,90,7,135,0
307,"(62, 73)",65,19.64285714,10,15,90,3,923,0
308,"(62, 74)",65,13.39285714,30,25,95,1,72,0
309,"(62, 75)",65,13.39285714,30,25,95,1,64,0
310,"(62, 76)",70,14.28571429,35,45,95,0,149,0
311,"(62, 77)",65,39.28571429,30,35,95,3,15,0
312,"(62, 78)",70,14.28571429,35,45,95,0,150,0
313,"(62, 79)",75,15.47619048,15,20,85,1,134,0
314,"(62, 80)",70,17.14285714,15,20,90,2,139,0
315,"(62, 81)",35,0,5,15,95,9,94,0
316,"(62, 82)",35,0,0,0,80,9,123,0
317,"(62, 83)",80,14.28571429,25,25,95,0,147,0
318,"(62, 84)",75,15.47619048,25,30,95,1,137,0
319,"(62, 85)",55,12.14285714,35,40,90,3,247,0
320,"(62, 86)",65,0,20,25,90,1,139,0
321,"(62, 87)",65,0,40,40,95,1,84,0
322,"(62, 88)",70,47.61904762,30,35,95,4,39,0
323,"(62, 89)",65,0,35,35,95,1,70,0
324,"(62, 90)",75,15.47619048,0,0,95,1,21,0
325,"(62, 91)",75,30.95238095,20,20,90,1,116,0
326,"(62, 92)",70,14.28571429,5,15,95,0,38,0
327,"(62, 93)",75,0,40,45,90,1,30,0
328,"(62, 94)",70,14.28571429,5,10,90,0,325,0
329,"(62, 95)",65,22.61904762,10,15,95,5,215,0
330,"(62, 96)",65,0,45,55,95,3,138,0
331,"(62, 97)",65,0,45,55,95,3,126,0
332,"(62, 98)",65,19.64285714,40,45,95,3,71,0
333,"(62, 99)",75,19.64285714,5,10,95,3,129,0
334,"(62, 100)",65,19.64285714,35,40,95,3,37,0
335,"(62, 101)",65,13.39285714,15,15,95,1,38,0
336,"(62, 102)",65,13.39285714,10,10,95,1,151,0
337,"(62, 103)",65,0,20,25,95,1,114,0
338,"(62, 104)",75,0,20,30,95,5,89,0
339,"(62, 105)",70,23.80952381,5,10,95,4,124,0
340,"(62, 106)",70,23.80952381,30,30,95,4,79,0
341,"(62, 107)",70,23.80952381,35,35,95,4,82,0
342,"(62, 108)",65,30.95238095,0,0,95,1,133,0
343,"(63, 64)",35,11.30952381,10,40,100,5,30,0
344,"(63, 65)",40,0,0,5,5,2,27,0
345,"(63, 66)",80,25.3968254,5,5,85,2,15,0
346,"(63, 67)",70,23.80952381,35,35,85,4,102,0
347,"(63, 68)",80,25.3968254,5,5,90,2,26,0
348,"(63, 69)",60,23.37662338,0,0,90,4,69,0
349,"(63, 70)",55,0,10,20,100,5,67,0
350,"(63, 71)",70,12.6984127,0,5,100,2,137,0
351,"(63, 72)",45,10.71428571,0,5,95,7,122,0
352,"(63, 73)",65,39.28571429,5,10,95,3,910,0
353,"(63, 74)",65,26.78571429,30,25,100,1,59,0
354,"(63, 75)",65,26.78571429,30,25,100,1,51,0
355,"(63, 76)",70,14.28571429,45,50,100,0,136,0
356,"(63, 77)",65,19.64285714,25,30,100,3,28,0
357,"(63, 78)",70,14.28571429,45,50,100,0,137,0
358,"(63, 79)",75,15.47619048,15,20,90,1,121,0
359,"(63, 80)",70,34.28571429,15,20,95,2,126,0
360,"(63, 81)",45,0,5,15,100,9,81,0
361,"(63, 82)",45,0,0,0,85,9,110,0
362,"(63, 83)",80,14.28571429,25,25,100,0,134,0
363,"(63, 84)",75,15.47619048,25,30,100,1,124,0
364,"(63, 85)",55,12.14285714,35,40,95,3,260,0
365,"(63, 86)",55,13.39285714,25,30,95,1,152,0
366,"(63, 87)",65,15.47619048,40,40,100,1,97,0
367,"(63, 88)",70,23.80952381,25,30,100,4,26,0
368,"(63, 89)",65,15.47619048,40,40,100,1,83,0
369,"(63, 90)",65,30.95238095,0,0,100,1,8,0
370,"(63, 91)",65,15.47619048,20,20,95,1,129,0
371,"(63, 92)",60,0,5,15,100,0,25,0
372,"(63, 93)",65,15.47619048,40,45,95,1,43,0
373,"(63, 94)",60,14.28571429,5,10,95,0,338,0
374,"(63, 95)",65,11.30952381,10,10,100,5,228,0
375,"(63, 96)",75,19.64285714,45,55,100,3,151,0
376,"(63, 97)",75,0,45,55,100,3,139,0
377,"(63, 98)",65,19.64285714,35,40,100,3,58,0
378,"(63, 99)",65,19.64285714,5,5,100,3,116,0
379,"(63, 100)",65,19.64285714,30,35,100,3,24,0
380,"(63, 101)",65,26.78571429,10,10,100,1,25,0
381,"(63, 102)",65,26.78571429,10,10,100,1,138,0
382,"(63, 103)",65,15.47619048,25,30,100,1,101,0
383,"(63, 104)",75,0,20,30,100,5,76,0
384,"(63, 105)",60,23.80952381,5,10,100,4,111,0
385,"(63, 106)",60,23.80952381,35,35,100,4,66,0
386,"(63, 107)",60,23.80952381,40,40,100,4,69,0
387,"(63, 108)",65,30.95238095,0,0,100,1,120,0
388,"(64, 65)",85,58.33333333,0,25,5,3,3,1
389,"(64, 66)",55,9.722222222,0,0,85,3,15,0
390,"(64, 67)",55,41.66666667,5,15,85,9,132,0
391,"(64, 68)",55,9.722222222,0,0,90,3,4,0
392,"(64, 69)",55,34.84848485,5,0,90,1,99,0
393,"(64, 70)",40,16.66666667,10,25,100,0,97,0
394,"(64, 71)",55,19.44444444,0,5,100,3,167,0
395,"(64, 72)",70,30.95238095,0,0,95,2,152,0
396,"(64, 73)",50,33.33333333,5,5,95,8,940,0
397,"(64, 74)",60,20.83333333,0,20,100,4,89,0
398,"(64, 75)",60,20.83333333,0,20,100,4,81,0
399,"(64, 76)",45,22.61904762,10,20,100,5,166,0
400,"(64, 77)",50,0,0,5,100,8,2,0
401,"(64, 78)",45,22.61904762,15,20,100,5,167,0
402,"(64, 79)",50,12.5,0,10,90,6,151,0
403,"(64, 80)",45,14.16666667,0,5,95,7,156,0
404,"(64, 81)",70,29.16666667,10,15,100,4,111,0
405,"(64, 82)",70,29.16666667,5,5,85,4,140,0
406,"(64, 83)",45,0,5,15,100,5,164,0
407,"(64, 84)",40,0,10,20,100,6,154,0
408,"(64, 85)",40,18.33333333,5,15,95,2,230,0
409,"(64, 86)",50,0,0,5,95,4,122,0
410,"(64, 87)",60,12.5,0,20,100,6,67,0
411,"(64, 88)",45,0,0,5,100,9,56,0
412,"(64, 89)",60,12.5,0,20,100,6,53,0
413,"(64, 90)",50,12.5,5,5,100,6,38,0
414,"(64, 91)",40,0,0,10,95,6,99,0
415,"(64, 92)",65,0,0,5,100,5,55,0
416,"(64, 93)",60,25,5,15,95,6,13,0
417,"(64, 94)",55,22.61904762,0,5,95,5,308,0
418,"(64, 95)",60,8.333333333,0,0,100,0,198,0
419,"(64, 96)",60,33.33333333,5,15,100,8,121,0
420,"(64, 97)",60,33.33333333,5,15,100,8,109,0
421,"(64, 98)",50,16.66666667,5,10,100,8,88,0
422,"(64, 99)",50,33.33333333,20,20,100,8,146,0
423,"(64, 100)",50,16.66666667,10,15,100,8,54,0
424,"(64, 101)",60,20.83333333,10,20,100,4,55,0
425,"(64, 102)",60,10.41666667,10,20,100,4,168,0
426,"(64, 103)",60,12.5,20,35,100,6,131,0
427,"(64, 104)",40,0,10,25,100,10,106,0
428,"(64, 105)",55,41.66666667,20,25,100,9,141,0
429,"(64, 106)",55,41.66666667,10,15,100,9,96,0
430,"(64, 107)",55,41.66666667,15,20,100,9,99,0
431,"(64, 108)",30,25,5,0,100,6,150,0
432,"(65, 66)",50,22.22222222,0,0,20,0,12,0
433,"(65, 67)",60,22.22222222,0,20,10,6,129,0
434,"(65, 68)",50,22.22222222,0,0,15,0,1,0
435,"(65, 69)",50,50.50505051,0,15,15,2,96,0
436,"(65, 70)",45,9.722222222,0,20,5,3,94,0
437,"(65, 71)",50,33.33333333,0,0,5,0,164,0
438,"(65, 72)",55,18.25396825,0,10,10,5,149,0
439,"(65, 73)",55,36.11111111,0,0,10,5,937,0
440,"(65, 74)",55,23.61111111,0,0,5,1,86,0
441,"(65, 75)",55,23.61111111,0,0,5,1,78,0
442,"(65, 76)",40,25.3968254,0,5,5,2,163,0
443,"(65, 77)",55,18.05555556,0,0,5,5,1,0
444,"(65, 78)",40,25.3968254,0,5,5,2,164,0
445,"(65, 79)",55,13.88888889,0,10,15,3,148,0
446,"(65, 80)",50,15.55555556,0,10,10,4,153,0
447,"(65, 81)",65,34.72222222,0,10,5,7,108,0
448,"(65, 82)",65,34.72222222,0,15,20,7,137,0
449,"(65, 83)",40,12.6984127,0,10,5,2,161,0
450,"(65, 84)",45,13.88888889,0,10,5,3,151,0
451,"(65, 85)",45,21.11111111,0,0,10,1,233,0
452,"(65, 86)",45,0,0,5,10,1,125,0
453,"(65, 87)",55,13.88888889,0,0,5,3,70,0
454,"(65, 88)",50,22.22222222,0,0,5,6,53,0
455,"(65, 89)",55,13.88888889,0,0,5,3,56,0
456,"(65, 90)",45,27.77777778,0,30,5,3,35,0
457,"(65, 91)",35,0,0,0,10,3,102,0
458,"(65, 92)",60,25.3968254,0,20,5,2,52,0
459,"(65, 93)",55,27.77777778,0,5,10,3,16,0
460,"(65, 94)",50,25.3968254,0,0,10,2,311,0
461,"(65, 95)",55,19.44444444,0,0,5,3,201,0
462,"(65, 96)",65,36.11111111,0,0,5,5,124,0
463,"(65, 97)",65,36.11111111,0,0,5,5,112,0
464,"(65, 98)",55,18.05555556,0,5,5,5,85,0
465,"(65, 99)",55,18.05555556,0,25,5,5,143,0
466,"(65, 100)",55,18.05555556,0,5,5,5,51,0
467,"(65, 101)",55,23.61111111,0,20,5,1,52,0
468,"(65, 102)",55,11.80555556,0,20,5,1,165,0
469,"(65, 103)",55,13.88888889,0,25,5,3,128,0
470,"(65, 104)",45,0,0,30,5,7,103,0
471,"(65, 105)",60,22.22222222,0,25,5,6,138,0
472,"(65, 106)",60,22.22222222,0,15,5,6,93,0
473,"(65, 107)",60,22.22222222,0,20,5,6,96,0
474,"(65, 108)",45,13.88888889,0,25,5,3,147,0
475,"(66, 67)",70,22.22222222,0,0,80,6,117,0
476,"(66, 68)",100,100,95,100,95,0,11,1
477,"(66, 69)",70,50.50505051,0,0,75,2,84,0
478,"(66, 70)",45,29.16666667,5,15,85,3,82,0
479,"(66, 71)",80,44.44444444,0,0,85,0,152,0
480,"(66, 72)",55,18.25396825,0,15,80,5,137,0
481,"(66, 73)",65,54.16666667,25,30,90,5,925,0
482,"(66, 74)",75,47.22222222,45,50,85,1,74,0
483,"(66, 75)",75,47.22222222,45,50,85,1,66,0
484,"(66, 76)",80,50.79365079,0,0,85,2,151,0
485,"(66, 77)",55,18.05555556,20,25,85,5,13,0
486,"(66, 78)",80,50.79365079,5,5,85,2,152,0
487,"(66, 79)",85,41.66666667,10,15,75,3,136,0
488,"(66, 80)",80,62.22222222,10,15,80,4,141,0
489,"(66, 81)",55,17.36111111,0,5,85,7,96,0
490,"(66, 82)",55,17.36111111,0,5,70,7,125,0
491,"(66, 83)",80,38.0952381,5,10,85,2,149,0
492,"(66, 84)",75,41.66666667,5,10,85,3,139,0
493,"(66, 85)",55,21.11111111,20,25,90,1,245,0
494,"(66, 86)",55,23.61111111,20,25,90,1,137,0
495,"(66, 87)",65,41.66666667,10,10,85,3,82,0
496,"(66, 88)",60,22.22222222,20,25,85,6,41,0
497,"(66, 89)",65,41.66666667,15,15,85,3,68,0
498,"(66, 90)",75,55.55555556,0,0,85,3,23,0
499,"(66, 91)",55,13.88888889,50,55,80,3,114,0
500,"(66, 92)",70,38.0952381,0,0,85,2,40,0
501,"(66, 93)",75,69.44444444,15,25,80,3,28,0
502,"(66, 94)",70,38.0952381,30,35,80,2,323,0
503,"(66, 95)",75,29.16666667,25,35,85,3,213,0
504,"(66, 96)",75,54.16666667,5,10,85,5,136,0
505,"(66, 97)",75,36.11111111,5,10,85,5,124,0
506,"(66, 98)",75,54.16666667,5,10,85,5,73,0
507,"(66, 99)",65,36.11111111,0,0,85,5,131,0
508,"(66, 100)",75,54.16666667,0,5,85,5,39,0
509,"(66, 101)",75,35.41666667,0,0,85,1,40,0
510,"(66, 102)",75,47.22222222,0,0,85,1,153,0
511,"(66, 103)",65,13.88888889,0,5,85,3,116,0
512,"(66, 104)",65,0,5,5,85,7,91,0
513,"(66, 105)",60,22.22222222,0,0,85,6,126,0
514,"(66, 106)",60,22.22222222,0,0,85,6,81,0
515,"(66, 107)",60,22.22222222,0,0,85,6,84,0
516,"(66, 108)",55,13.88888889,0,0,85,3,135,0
517,"(67, 68)",70,22.22222222,0,0,85,6,128,0
518,"(67, 69)",50,42.42424242,10,10,75,8,33,0
519,"(67, 70)",35,0,20,15,85,9,35,0
520,"(67, 71)",60,22.22222222,0,0,85,6,35,0
521,"(67, 72)",35,20.23809524,0,0,80,11,20,0
522,"(67, 73)",65,0,0,0,80,1,808,0
523,"(67, 74)",75,22.91666667,0,0,85,5,43,0
524,"(67, 75)",75,22.91666667,0,0,85,5,51,0
525,"(67, 76)",70,47.61904762,30,30,85,4,34,0
526,"(67, 77)",65,0,15,15,85,1,130,0
527,"(67, 78)",70,47.61904762,35,35,85,4,35,0
528,"(67, 79)",65,0,30,30,75,3,19,0
529,"(67, 80)",60,0,35,30,80,2,24,0
530,"(67, 81)",25,19.79166667,0,5,85,13,21,0
531,"(67, 82)",25,19.79166667,10,20,70,13,8,0
532,"(67, 83)",70,0,30,30,85,4,32,0
533,"(67, 84)",75,0,35,35,85,3,22,0
534,"(67, 85)",55,43.33333333,15,15,80,7,362,0
535,"(67, 86)",55,22.91666667,25,25,80,5,254,0
536,"(67, 87)",75,25,15,15,85,3,199,0
537,"(67, 88)",70,0,15,15,85,0,76,0
538,"(67, 89)",75,25,20,20,85,3,185,0
539,"(67, 90)",65,25,20,20,85,3,94,0
540,"(67, 91)",65,25,0,0,80,3,231,0
541,"(67, 92)",70,0,5,20,85,4,77,0
542,"(67, 93)",75,25,25,25,80,3,145,0
543,"(67, 94)",60,0,0,0,80,4,440,0
544,"(67, 95)",55,0,0,0,85,9,330,0
545,"(67, 96)",85,29.16666667,30,30,85,1,253,0
546,"(67, 97)",85,29.16666667,25,25,85,1,241,0
547,"(67, 98)",85,0,10,10,85,1,44,0
548,"(67, 99)",85,58.33333333,10,15,85,1,14,0
549,"(67, 100)",85,0,10,10,85,1,78,0
550,"(67, 101)",65,22.91666667,10,10,85,5,77,0
551,"(67, 102)",65,0,10,10,85,5,36,0
552,"(67, 103)",75,0,20,25,85,3,1,0
553,"(67, 104)",75,0,0,0,85,1,26,0
554,"(67, 105)",90,66.66666667,10,10,85,0,9,0
555,"(67, 106)",90,66.66666667,55,55,85,0,36,0
556,"(67, 107)",90,66.66666667,55,55,85,0,33,0
557,"(67, 108)",65,25,5,15,85,3,18,0
558,"(68, 69)",70,50.50505051,0,0,80,2,95,0
559,"(68, 70)",45,29.16666667,5,10,90,3,93,0
560,"(68, 71)",80,44.44444444,0,0,90,0,163,0
561,"(68, 72)",55,18.25396825,0,10,85,5,148,0
562,"(68, 73)",65,54.16666667,25,30,95,5,936,0
563,"(68, 74)",75,47.22222222,45,50,90,1,85,0
564,"(68, 75)",75,47.22222222,45,50,90,1,77,0
565,"(68, 76)",80,50.79365079,5,0,90,2,162,0
566,"(68, 77)",55,18.05555556,20,25,90,5,2,0
567,"(68, 78)",80,50.79365079,5,0,90,2,163,0
568,"(68, 79)",85,41.66666667,10,15,80,3,147,0
569,"(68, 80)",80,62.22222222,10,15,85,4,152,0
570,"(68, 81)",55,17.36111111,0,5,90,7,107,0
571,"(68, 82)",55,17.36111111,0,5,75,7,136,0
572,"(68, 83)",80,38.0952381,5,10,90,2,160,0
573,"(68, 84)",75,41.66666667,5,10,90,3,150,0
574,"(68, 85)",55,21.11111111,20,25,95,1,234,0
575,"(68, 86)",55,23.61111111,20,25,95,1,126,0
576,"(68, 87)",65,41.66666667,10,10,90,3,71,0
577,"(68, 88)",60,22.22222222,20,25,90,6,52,0
578,"(68, 89)",65,41.66666667,15,15,90,3,57,0
579,"(68, 90)",75,55.55555556,0,0,90,3,34,0
580,"(68, 91)",55,13.88888889,50,55,85,3,103,0
581,"(68, 92)",70,38.0952381,0,0,90,2,51,0
582,"(68, 93)",75,69.44444444,10,20,85,3,17,0
583,"(68, 94)",70,38.0952381,30,40,85,2,312,0
584,"(68, 95)",75,29.16666667,20,30,90,3,202,0
585,"(68, 96)",75,54.16666667,5,10,90,5,125,0
586,"(68, 97)",75,36.11111111,5,10,90,5,113,0
587,"(68, 98)",75,54.16666667,5,10,90,5,84,0
588,"(68, 99)",65,36.11111111,0,0,90,5,142,0
589,"(68, 100)",75,54.16666667,0,5,90,5,50,0
590,"(68, 101)",75,35.41666667,5,0,90,1,51,0
591,"(68, 102)",75,47.22222222,5,0,90,1,164,0
592,"(68, 103)",65,13.88888889,0,5,90,3,127,0
593,"(68, 104)",65,0,5,5,90,7,102,0
594,"(68, 105)",60,22.22222222,0,0,90,6,137,0
595,"(68, 106)",60,22.22222222,0,0,90,6,92,0
596,"(68, 107)",60,22.22222222,0,0,90,6,95,0
597,"(68, 108)",55,13.88888889,0,0,90,3,146,0
598,"(69, 70)",65,26.13636364,5,5,90,1,2,1
599,"(69, 71)",90,40.4040404,30,25,90,2,68,0
600,"(69, 72)",75,24.35064935,10,5,85,3,53,0
601,"(69, 73)",55,34.09090909,5,0,85,7,841,0
602,"(69, 74)",75,32.38636364,0,0,90,3,10,0
603,"(69, 75)",75,32.38636364,0,0,90,3,18,0
604,"(69, 76)",80,70.12987013,15,15,90,4,67,0
605,"(69, 77)",55,34.09090909,5,0,90,7,97,0
606,"(69, 78)",80,70.12987013,10,10,90,4,68,0
607,"(69, 79)",65,38.63636364,0,0,90,5,52,0
608,"(69, 80)",70,43.63636364,0,0,85,6,57,0
609,"(69, 81)",55,23.01136364,25,20,90,5,12,0
610,"(69, 82)",55,23.01136364,15,20,75,5,41,0
611,"(69, 83)",70,23.37662338,0,0,90,4,65,0
612,"(69, 84)",65,25.75757576,0,0,90,5,55,0
613,"(69, 85)",55,28.63636364,0,0,85,1,329,0
614,"(69, 86)",55,21.59090909,0,0,85,3,221,0
615,"(69, 87)",45,12.87878788,0,5,90,5,166,0
616,"(69, 88)",60,42.42424242,10,0,90,8,43,0
617,"(69, 89)",45,12.87878788,0,0,90,5,152,0
618,"(69, 90)",75,51.51515152,10,10,90,5,61,0
619,"(69, 91)",75,12.87878788,0,0,85,5,198,0
620,"(69, 92)",60,35.06493506,15,15,90,4,44,0
621,"(69, 93)",55,38.63636364,5,5,85,5,112,0
622,"(69, 94)",70,35.06493506,0,0,85,4,407,0
623,"(69, 95)",65,26.13636364,0,0,90,1,297,0
624,"(69, 96)",55,34.09090909,0,0,90,7,220,0
625,"(69, 97)",55,34.09090909,0,0,90,7,208,0
626,"(69, 98)",65,34.09090909,0,0,90,7,11,0
627,"(69, 99)",35,17.04545455,30,30,90,7,47,0
628,"(69, 100)",65,34.09090909,0,0,90,7,45,0
629,"(69, 101)",75,32.38636364,0,10,90,3,44,0
630,"(69, 102)",75,21.59090909,5,10,90,3,69,0
631,"(69, 103)",45,0,0,0,90,5,32,0
632,"(69, 104)",45,0,0,0,90,9,7,0
633,"(69, 105)",40,21.21212121,35,35,90,8,42,0
634,"(69, 106)",40,21.21212121,5,10,90,8,3,0
635,"(69, 107)",40,21.21212121,5,10,90,8,0,0
636,"(69, 108)",35,12.87878788,25,15,90,5,51,0
637,"(70, 71)",65,38.88888889,5,5,100,3,70,0
638,"(70, 72)",60,15.47619048,5,15,95,2,55,0
639,"(70, 73)",60,16.66666667,10,20,95,8,843,0
640,"(70, 74)",60,41.66666667,5,10,100,4,8,0
641,"(70, 75)",60,41.66666667,5,10,100,4,16,0
642,"(70, 76)",65,22.61904762,5,15,100,5,69,0
643,"(70, 77)",50,0,5,15,100,8,95,0
644,"(70, 78)",65,22.61904762,5,15,100,5,70,0
645,"(70, 79)",50,25,15,10,90,6,54,0
646,"(70, 80)",55,28.33333333,15,10,95,7,59,0
647,"(70, 81)",60,21.875,10,20,100,4,14,0
648,"(70, 82)",60,21.875,15,25,85,4,43,0
649,"(70, 83)",55,11.30952381,15,15,100,5,67,0
650,"(70, 84)",50,12.5,20,25,100,6,57,0
651,"(70, 85)",70,9.166666667,10,20,95,2,327,0
652,"(70, 86)",60,0,15,25,95,4,219,0
653,"(70, 87)",50,12.5,10,15,100,6,164,0
654,"(70, 88)",55,0,5,15,100,9,41,0
655,"(70, 89)",50,12.5,10,15,100,6,150,0
656,"(70, 90)",50,25,25,15,100,6,59,0
657,"(70, 91)",60,25,0,0,95,6,196,0
658,"(70, 92)",45,11.30952381,5,5,100,5,42,0
659,"(70, 93)",50,25,15,25,95,6,110,0
660,"(70, 94)",65,33.92857143,0,5,95,5,405,0
661,"(70, 95)",60,25,0,0,100,0,295,0
662,"(70, 96)",50,16.66666667,10,10,100,8,218,0
663,"(70, 97)",50,16.66666667,0,5,100,8,206,0
664,"(70, 98)",50,33.33333333,5,15,100,8,9,0
665,"(70, 99)",30,0,35,45,100,8,49,0
666,"(70, 100)",50,33.33333333,10,20,100,8,43,0
667,"(70, 101)",60,20.83333333,35,30,100,4,42,0
668,"(70, 102)",60,31.25,35,30,100,4,71,0
669,"(70, 103)",50,0,25,35,100,6,34,0
670,"(70, 104)",40,0,20,25,100,10,9,0
671,"(70, 105)",35,0,35,40,100,9,44,0
672,"(70, 106)",35,0,25,20,100,9,1,0
673,"(70, 107)",35,0,25,20,100,9,2,0
674,"(70, 108)",50,0,10,10,100,6,53,0
675,"(71, 72)",75,54.76190476,55,20,95,5,15,1
676,"(71, 73)",65,36.11111111,0,5,95,5,773,0
677,"(71, 74)",75,47.22222222,0,0,100,1,78,0
678,"(71, 75)",75,47.22222222,0,0,100,1,86,0
679,"(71, 76)",80,38.0952381,5,15,100,2,1,0
680,"(71, 77)",65,0,10,5,100,5,165,0
681,"(71, 78)",80,38.0952381,0,10,100,2,0,0
682,"(71, 79)",75,27.77777778,0,5,90,3,16,0
683,"(71, 80)",80,46.66666667,0,5,95,4,11,0
684,"(71, 81)",45,34.72222222,20,10,100,7,56,0
685,"(71, 82)",45,34.72222222,20,15,85,7,27,0
686,"(71, 83)",80,12.6984127,0,0,100,2,3,0
687,"(71, 84)",75,13.88888889,5,5,100,3,13,0
688,"(71, 85)",55,21.11111111,0,0,95,1,397,0
689,"(71, 86)",55,11.80555556,0,0,95,1,289,0
690,"(71, 87)",55,13.88888889,0,5,100,3,234,0
691,"(71, 88)",70,0,5,5,100,6,111,0
692,"(71, 89)",55,13.88888889,0,5,100,3,220,0
693,"(71, 90)",85,41.66666667,0,0,100,3,129,0
694,"(71, 91)",75,27.77777778,0,0,95,3,266,0
695,"(71, 92)",70,38.0952381,5,5,100,2,112,0
696,"(71, 93)",65,41.66666667,0,5,95,3,180,0
697,"(71, 94)",80,50.79365079,0,0,95,2,475,0
698,"(71, 95)",65,9.722222222,0,0,100,3,365,0
699,"(71, 96)",65,54.16666667,0,5,100,5,288,0
700,"(71, 97)",65,36.11111111,0,5,100,5,276,0
701,"(71, 98)",75,36.11111111,0,0,100,5,79,0
702,"(71, 99)",45,0,10,15,100,5,21,0
703,"(71, 100)",75,36.11111111,0,5,100,5,113,0
704,"(71, 101)",85,59.02777778,15,20,100,1,112,0
705,"(71, 102)",85,47.22222222,20,20,100,1,1,0
706,"(71, 103)",55,27.77777778,0,5,100,3,36,0
707,"(71, 104)",55,0,0,5,100,7,61,0
708,"(71, 105)",50,0,10,15,100,6,26,0
709,"(71, 106)",50,0,0,5,100,6,71,0
710,"(71, 107)",50,0,0,5,100,6,68,0
711,"(71, 108)",45,0,15,20,100,3,17,0
712,"(72, 73)",40,16.07142857,0,5,90,10,788,0
713,"(72, 74)",50,29.46428571,0,0,95,6,63,0
714,"(72, 75)",50,29.46428571,0,0,95,6,71,0
715,"(72, 76)",55,21.42857143,10,10,95,7,14,0
716,"(72, 77)",50,0,10,5,95,10,150,0
717,"(72, 78)",55,21.42857143,5,5,95,7,15,0
718,"(72, 79)",50,11.9047619,0,5,85,8,1,0
719,"(72, 80)",55,27.14285714,0,5,90,9,4,0
720,"(72, 81)",70,20.08928571,15,5,95,2,41,0
721,"(72, 82)",70,20.08928571,20,5,80,2,12,0
722,"(72, 83)",55,10.71428571,0,0,95,7,12,0
723,"(72, 84)",50,11.9047619,5,0,95,8,2,0
724,"(72, 85)",40,17.14285714,0,5,90,4,382,0
725,"(72, 86)",40,9.821428571,0,5,90,6,274,0
726,"(72, 87)",40,11.9047619,0,10,95,8,219,0
727,"(72, 88)",45,0,5,5,95,11,96,0
728,"(72, 89)",40,11.9047619,0,10,95,8,205,0
729,"(72, 90)",60,11.9047619,0,0,95,8,114,0
730,"(72, 91)",50,11.9047619,0,0,90,8,251,0
731,"(72, 92)",55,21.42857143,10,5,95,7,97,0
732,"(72, 93)",40,23.80952381,0,10,90,8,165,0
733,"(72, 94)",55,21.42857143,0,20,90,7,460,0
734,"(72, 95)",50,7.738095238,0,5,95,2,350,0
735,"(72, 96)",40,32.14285714,0,5,95,10,273,0
736,"(72, 97)",40,16.07142857,0,5,95,10,261,0
737,"(72, 98)",50,16.07142857,0,5,95,10,64,0
738,"(72, 99)",20,0,10,5,95,10,6,0
739,"(72, 100)",50,16.07142857,0,5,95,10,98,0
740,"(72, 101)",60,39.28571429,15,10,95,6,97,0
741,"(72, 102)",60,29.46428571,20,10,95,6,16,0
742,"(72, 103)",40,23.80952381,0,5,95,8,21,0
743,"(72, 104)",30,0,0,5,95,12,46,0
744,"(72, 105)",25,0,10,5,95,11,11,0
745,"(72, 106)",25,0,0,5,95,11,56,0
746,"(72, 107)",25,0,0,5,95,11,53,0
747,"(72, 108)",20,0,15,5,95,8,2,0
748,"(73, 74)",60,37.5,25,25,95,4,851,0
749,"(73, 75)",60,37.5,25,30,95,4,859,0
750,"(73, 76)",75,39.28571429,0,5,95,3,774,0
751,"(73, 77)",80,25,60,65,95,0,938,0
752,"(73, 78)",75,39.28571429,0,5,95,3,773,0
753,"(73, 79)",80,41.66666667,10,15,85,2,789,0
754,"(73, 80)",85,67.5,10,15,90,1,784,0
755,"(73, 81)",40,31.25,0,5,95,12,829,0
756,"(73, 82)",40,31.25,0,5,80,12,800,0
757,"(73, 83)",65,19.64285714,5,10,95,3,776,0
758,"(73, 84)",60,20.83333333,10,10,95,2,786,0
759,"(73, 85)",50,17.5,20,25,100,6,1170,0
760,"(73, 86)",70,18.75,15,20,100,4,1062,0
761,"(73, 87)",70,20.83333333,10,15,95,2,1007,0
762,"(73, 88)",85,29.16666667,60,70,95,1,884,0
763,"(73, 89)",70,20.83333333,20,25,95,2,993,0
764,"(73, 90)",80,41.66666667,0,0,95,2,902,0
765,"(73, 91)",60,0,25,25,90,2,1039,0
766,"(73, 92)",55,0,0,10,95,3,885,0
767,"(73, 93)",80,62.5,40,45,90,2,953,0
768,"(73, 94)",85,58.92857143,45,50,90,3,1248,0
769,"(73, 95)",50,16.66666667,40,50,95,8,1138,0
770,"(73, 96)",80,50,15,25,95,0,1061,0
771,"(73, 97)",80,25,15,25,95,0,1049,0
772,"(73, 98)",80,50,50,60,95,0,852,0
773,"(73, 99)",70,25,5,5,95,0,794,0
774,"(73, 100)",80,50,50,60,95,0,886,0
775,"(73, 101)",70,56.25,0,0,95,4,885,0
776,"(73, 102)",70,56.25,0,0,95,4,772,0
777,"(73, 103)",70,20.83333333,0,5,95,2,809,0
778,"(73, 104)",80,0,5,10,95,2,834,0
779,"(73, 105)",75,29.16666667,5,0,95,1,799,0
780,"(73, 106)",75,29.16666667,0,0,95,1,844,0
781,"(73, 107)",75,29.16666667,0,0,95,1,841,0
782,"(73, 108)",70,41.66666667,5,0,95,2,790,0
783,"(74, 75)",100,100,100,100,100,0,8,1
784,"(74, 76)",85,26.78571429,0,0,100,1,77,0
785,"(74, 77)",60,18.75,10,10,100,4,87,0
786,"(74, 78)",85,26.78571429,0,0,100,1,78,0
787,"(74, 79)",70,29.16666667,10,10,90,2,62,0
788,"(74, 80)",65,48.75,10,10,95,3,67,0
789,"(74, 81)",50,9.375,0,5,100,8,22,0
790,"(74, 82)",50,9.375,0,5,85,8,51,0
791,"(74, 83)",75,40.17857143,5,10,100,1,75,0
792,"(74, 84)",70,43.75,5,10,100,2,65,0
793,"(74, 85)",60,0,20,25,95,2,319,0
794,"(74, 86)",60,12.5,0,5,95,0,211,0
795,"(74, 87)",60,29.16666667,15,10,100,2,156,0
796,"(74, 88)",65,22.91666667,10,10,100,5,33,0
797,"(74, 89)",60,29.16666667,15,10,100,2,142,0
798,"(74, 90)",60,29.16666667,0,0,100,2,51,0
799,"(74, 91)",80,0,75,80,95,2,188,0
800,"(74, 92)",75,40.17857143,5,5,100,1,34,0
801,"(74, 93)",80,43.75,0,5,95,2,102,0
802,"(74, 94)",75,40.17857143,15,20,95,1,397,0
803,"(74, 95)",70,10.41666667,20,30,100,4,287,0
804,"(74, 96)",80,37.5,0,0,100,4,210,0
805,"(74, 97)",80,18.75,0,0,100,4,198,0
806,"(74, 98)",70,56.25,10,20,100,4,1,0
807,"(74, 99)",60,18.75,0,0,100,4,57,0
808,"(74, 100)",70,56.25,5,15,100,4,35,0
809,"(74, 101)",70,37.5,0,0,100,0,34,0
810,"(74, 102)",70,50,0,0,100,0,79,0
811,"(74, 103)",60,29.16666667,5,5,100,2,42,0
812,"(74, 104)",60,0,0,0,100,6,17,0
813,"(74, 105)",65,22.91666667,0,0,100,5,52,0
814,"(74, 106)",65,22.91666667,0,0,100,5,7,0
815,"(74, 107)",65,22.91666667,0,0,100,5,10,0
816,"(74, 108)",50,14.58333333,0,0,100,2,61,0
817,"(75, 76)",85,26.78571429,0,0,100,1,85,0
818,"(75, 77)",60,18.75,10,10,100,4,79,0
819,"(75, 78)",85,26.78571429,0,0,100,1,86,0
820,"(75, 79)",70,29.16666667,10,10,90,2,70,0
821,"(75, 80)",65,48.75,5,5,95,3,75,0
822,"(75, 81)",50,9.375,0,5,100,8,30,0
823,"(75, 82)",50,9.375,0,5,85,8,59,0
824,"(75, 83)",75,40.17857143,5,10,100,1,83,0
825,"(75, 84)",70,43.75,5,10,100,2,73,0
826,"(75, 85)",60,0,20,25,95,2,311,0
827,"(75, 86)",60,12.5,0,5,95,0,203,0
828,"(75, 87)",60,29.16666667,15,10,100,2,148,0
829,"(75, 88)",65,22.91666667,10,10,100,5,25,0
830,"(75, 89)",60,29.16666667,15,10,100,2,134,0
831,"(75, 90)",60,29.16666667,0,0,100,2,43,0
832,"(75, 91)",80,0,75,80,95,2,180,0
833,"(75, 92)",75,40.17857143,5,5,100,1,26,0
834,"(75, 93)",80,43.75,0,5,95,2,94,0
835,"(75, 94)",75,40.17857143,10,20,95,1,389,0
836,"(75, 95)",70,10.41666667,20,30,100,4,279,0
837,"(75, 96)",80,37.5,0,0,100,4,202,0
838,"(75, 97)",80,18.75,0,5,100,4,190,0
839,"(75, 98)",70,56.25,15,25,100,4,7,0
840,"(75, 99)",60,18.75,0,0,100,4,65,0
841,"(75, 100)",70,56.25,10,20,100,4,27,0
842,"(75, 101)",70,37.5,0,0,100,0,26,0
843,"(75, 102)",70,50,0,0,100,0,87,0
844,"(75, 103)",60,29.16666667,5,5,100,2,50,0
845,"(75, 104)",60,0,0,0,100,6,25,0
846,"(75, 105)",65,22.91666667,0,0,100,5,60,0
847,"(75, 106)",65,22.91666667,0,0,100,5,15,0
848,"(75, 107)",65,22.91666667,0,0,100,5,18,0
849,"(75, 108)",50,14.58333333,0,0,100,2,69,0
850,"(76, 77)",65,19.64285714,15,15,100,3,164,0
851,"(76, 78)",100,100,90,95,100,0,1,1
852,"(76, 79)",75,61.9047619,25,30,90,1,15,0
853,"(76, 80)",80,51.42857143,25,30,95,2,10,0
854,"(76, 81)",45,30.80357143,20,30,100,9,55,0
855,"(76, 82)",45,30.80357143,10,10,85,9,26,0
856,"(76, 83)",80,28.57142857,25,25,100,0,2,0
857,"(76, 84)",75,15.47619048,30,35,100,1,12,0
858,"(76, 85)",65,36.42857143,35,40,95,3,396,0
859,"(76, 86)",65,26.78571429,35,40,95,1,288,0
860,"(76, 87)",65,15.47619048,30,35,100,1,233,0
861,"(76, 88)",70,23.80952381,20,15,100,4,110,0
862,"(76, 89)",65,15.47619048,20,25,100,1,219,0
863,"(76, 90)",75,30.95238095,5,5,100,1,128,0
864,"(76, 91)",75,15.47619048,0,0,95,1,265,0
865,"(76, 92)",60,14.28571429,10,5,100,0,111,0
866,"(76, 93)",75,46.42857143,30,35,95,1,179,0
867,"(76, 94)",80,57.14285714,5,10,95,0,474,0
868,"(76, 95)",65,11.30952381,5,5,100,5,364,0
869,"(76, 96)",75,39.28571429,35,40,100,3,287,0
870,"(76, 97)",75,58.92857143,35,40,100,3,275,0
871,"(76, 98)",85,39.28571429,25,30,100,3,78,0
872,"(76, 99)",55,19.64285714,20,25,100,3,20,0
873,"(76, 100)",85,39.28571429,30,35,100,3,112,0
874,"(76, 101)",75,40.17857143,25,25,100,1,111,0
875,"(76, 102)",75,26.78571429,20,20,100,1,2,0
876,"(76, 103)",65,0,10,15,100,1,35,0
877,"(76, 104)",65,32.14285714,10,15,100,5,60,0
878,"(76, 105)",60,23.80952381,15,20,100,4,25,0
879,"(76, 106)",60,23.80952381,40,40,100,4,70,0
880,"(76, 107)",60,23.80952381,45,40,100,4,67,0
881,"(76, 108)",55,15.47619048,20,15,100,1,16,0
882,"(77, 78)",65,19.64285714,15,15,100,3,165,0
883,"(77, 79)",70,20.83333333,15,20,90,2,149,0
884,"(77, 80)",75,22.5,10,15,95,1,154,0
885,"(77, 81)",40,15.625,0,5,100,12,109,0
886,"(77, 82)",40,15.625,0,5,85,12,138,0
887,"(77, 83)",75,39.28571429,5,10,100,3,162,0
888,"(77, 84)",70,41.66666667,5,10,100,2,152,0
889,"(77, 85)",30,0,30,30,95,6,232,0
890,"(77, 86)",50,0,20,25,95,4,124,0
891,"(77, 87)",60,0,15,20,100,2,69,0
892,"(77, 88)",95,87.5,95,100,100,1,54,1
893,"(77, 89)",60,0,20,25,100,2,55,0
894,"(77, 90)",70,0,0,0,100,2,36,0
895,"(77, 91)",70,20.83333333,20,20,95,2,101,0
896,"(77, 92)",65,39.28571429,0,10,100,3,53,0
897,"(77, 93)",60,0,20,25,95,2,15,0
898,"(77, 94)",75,19.64285714,35,40,95,3,310,0
899,"(77, 95)",50,16.66666667,35,45,100,8,200,0
900,"(77, 96)",70,0,55,65,100,0,123,0
901,"(77, 97)",70,0,55,65,100,0,111,0
902,"(77, 98)",70,25,60,75,100,0,86,0
903,"(77, 99)",60,0,5,5,100,0,144,0
904,"(77, 100)",70,25,55,70,100,0,52,0
905,"(77, 101)",70,18.75,0,0,100,4,53,0
906,"(77, 102)",70,18.75,0,0,100,4,166,0
907,"(77, 103)",60,0,0,5,100,2,129,0
908,"(77, 104)",80,0,5,10,100,2,104,0
909,"(77, 105)",65,0,5,5,100,1,139,0
910,"(77, 106)",65,0,10,10,100,1,94,0
911,"(77, 107)",65,0,10,10,100,1,97,0
912,"(77, 108)",60,20.83333333,5,0,100,2,148,0
913,"(78, 79)",75,61.9047619,25,30,90,1,16,0
914,"(78, 80)",80,51.42857143,25,30,95,2,11,0
915,"(78, 81)",45,30.80357143,20,30,100,9,56,0
916,"(78, 82)",45,30.80357143,10,10,85,9,27,0
917,"(78, 83)",80,28.57142857,30,30,100,0,3,0
918,"(78, 84)",75,15.47619048,35,40,100,1,13,0
919,"(78, 85)",65,36.42857143,40,45,95,3,397,0
920,"(78, 86)",65,26.78571429,40,45,95,1,289,0
921,"(78, 87)",65,15.47619048,30,35,100,1,234,0
922,"(78, 88)",70,23.80952381,20,15,100,4,111,0
923,"(78, 89)",65,15.47619048,20,30,100,1,220,0
924,"(78, 90)",75,30.95238095,5,5,100,1,129,0
925,"(78, 91)",75,15.47619048,0,0,95,1,266,0
926,"(78, 92)",60,14.28571429,5,5,100,0,112,0
927,"(78, 93)",75,46.42857143,30,35,95,1,180,0
928,"(78, 94)",80,57.14285714,5,10,95,0,475,0
929,"(78, 95)",65,11.30952381,5,5,100,5,365,0
930,"(78, 96)",75,39.28571429,35,40,100,3,288,0
931,"(78, 97)",75,58.92857143,35,40,100,3,276,0
932,"(78, 98)",85,39.28571429,25,35,100,3,79,0
933,"(78, 99)",55,19.64285714,20,30,100,3,21,0
934,"(78, 100)",85,39.28571429,30,35,100,3,113,0
935,"(78, 101)",75,40.17857143,25,25,100,1,112,0
936,"(78, 102)",75,26.78571429,20,20,100,1,1,0
937,"(78, 103)",65,0,10,15,100,1,36,0
938,"(78, 104)",65,32.14285714,10,15,100,5,61,0
939,"(78, 105)",60,23.80952381,15,20,100,4,26,0
940,"(78, 106)",60,23.80952381,35,35,100,4,71,0
941,"(78, 107)",60,23.80952381,40,40,100,4,68,0
942,"(78, 108)",55,15.47619048,15,10,100,1,17,0
943,"(79, 80)",95,73.33333333,85,95,85,1,5,1
944,"(79, 81)",50,45.83333333,0,15,90,10,40,0
945,"(79, 82)",50,45.83333333,10,25,75,10,11,0
946,"(79, 83)",65,30.95238095,40,50,90,1,13,0
947,"(79, 84)",60,16.66666667,45,55,90,0,3,0
948,"(79, 85)",40,0,40,40,85,4,381,0
949,"(79, 86)",50,0,60,65,85,2,273,0
950,"(79, 87)",50,0,50,55,90,0,218,0
951,"(79, 88)",75,25,10,15,90,3,95,0
952,"(79, 89)",50,0,50,55,90,0,204,0
953,"(79, 90)",80,16.66666667,10,10,90,0,113,0
954,"(79, 91)",60,0,10,10,85,0,250,0
955,"(79, 92)",75,15.47619048,5,10,90,1,96,0
956,"(79, 93)",80,33.33333333,15,20,85,0,164,0
957,"(79, 94)",75,61.9047619,10,15,85,1,459,0
958,"(79, 95)",60,12.5,10,15,90,6,349,0
959,"(79, 96)",80,20.83333333,25,30,90,2,272,0
960,"(79, 97)",80,41.66666667,30,35,90,2,260,0
961,"(79, 98)",70,41.66666667,15,20,90,2,63,0
962,"(79, 99)",60,0,5,10,90,2,5,0
963,"(79, 100)",70,41.66666667,15,20,90,2,97,0
964,"(79, 101)",70,43.75,0,0,90,2,96,0
965,"(79, 102)",70,43.75,0,0,90,2,17,0
966,"(79, 103)",50,0,10,15,90,0,20,0
967,"(79, 104)",70,33.33333333,5,10,90,4,45,0
968,"(79, 105)",65,0,5,5,90,3,10,0
969,"(79, 106)",65,0,25,30,90,3,55,0
970,"(79, 107)",65,0,20,20,90,3,52,0
971,"(79, 108)",70,16.66666667,0,5,90,0,1,0
972,"(80, 81)",45,26.25,0,15,95,11,45,0
973,"(80, 82)",45,26.25,10,25,90,11,16,0
974,"(80, 83)",70,17.14285714,50,60,95,2,8,0
975,"(80, 84)",65,18.33333333,50,60,95,1,2,0
976,"(80, 85)",45,0,30,35,90,5,386,0
977,"(80, 86)",55,16.25,55,55,90,3,278,0
978,"(80, 87)",55,18.33333333,50,55,95,1,223,0
979,"(80, 88)",80,26.66666667,10,15,95,2,100,0
980,"(80, 89)",55,18.33333333,40,45,95,1,209,0
981,"(80, 90)",85,36.66666667,10,10,95,1,118,0
982,"(80, 91)",65,0,10,10,90,1,255,0
983,"(80, 92)",70,17.14285714,5,10,95,2,101,0
984,"(80, 93)",75,55,15,20,100,1,169,0
985,"(80, 94)",80,51.42857143,10,15,90,2,464,0
986,"(80, 95)",55,14.16666667,10,15,95,7,354,0
987,"(80, 96)",75,45,30,35,95,1,277,0
988,"(80, 97)",75,22.5,30,35,95,1,265,0
989,"(80, 98)",75,45,15,20,95,1,68,0
990,"(80, 99)",55,0,5,10,95,1,10,0
991,"(80, 100)",75,45,15,20,95,1,102,0
992,"(80, 101)",75,65,5,5,95,3,101,0
993,"(80, 102)",75,65,0,0,95,3,12,0
994,"(80, 103)",55,18.33333333,10,15,95,1,25,0
995,"(80, 104)",75,0,10,15,95,3,50,0
996,"(80, 105)",60,0,5,10,95,2,15,0
997,"(80, 106)",60,0,30,30,95,2,60,0
998,"(80, 107)",60,0,35,35,95,2,57,0
999,"(80, 108)",65,18.33333333,5,5,95,1,6,0
1000,"(81, 82)",100,100,45,50,85,0,29,1
1001,"(81, 83)",45,20.53571429,5,25,100,9,53,0
1002,"(81, 84)",40,11.45833333,5,25,100,10,43,0
1003,"(81, 85)",40,24.375,0,5,95,6,341,0
1004,"(81, 86)",40,0,0,10,95,8,233,0
1005,"(81, 87)",40,0,0,15,100,10,178,0
1006,"(81, 88)",35,0,5,5,100,13,55,0
1007,"(81, 89)",40,0,0,15,100,10,164,0
1008,"(81, 90)",30,11.45833333,0,10,100,10,73,0
1009,"(81, 91)",30,22.91666667,0,5,95,10,210,0
1010,"(81, 92)",45,0,5,5,100,9,56,0
1011,"(81, 93)",40,22.91666667,5,15,95,10,124,0
1012,"(81, 94)",45,41.07142857,0,5,95,9,419,0
1013,"(81, 95)",70,7.291666667,0,5,100,4,309,0
1014,"(81, 96)",40,31.25,0,10,100,12,232,0
1015,"(81, 97)",40,46.875,0,10,100,12,220,0
1016,"(81, 98)",30,15.625,5,10,100,12,23,0
1017,"(81, 99)",30,31.25,10,20,100,12,35,0
1018,"(81, 100)",30,15.625,10,15,100,12,57,0
1019,"(81, 101)",50,37.5,15,20,100,8,56,0
1020,"(81, 102)",50,28.125,20,25,100,8,57,0
1021,"(81, 103)",40,0,10,25,100,10,20,0
1022,"(81, 104)",30,28.125,5,10,100,14,5,0
1023,"(81, 105)",25,19.79166667,15,20,100,13,30,0
1024,"(81, 106)",25,19.79166667,10,15,100,13,15,0
1025,"(81, 107)",25,19.79166667,10,15,100,13,12,0
1026,"(81, 108)",30,22.91666667,5,15,100,10,39,0
1027,"(82, 83)",45,20.53571429,10,15,85,9,24,0
1028,"(82, 84)",40,11.45833333,15,25,85,10,14,0
1029,"(82, 85)",40,24.375,5,10,80,6,370,0
1030,"(82, 86)",40,0,0,10,80,8,262,0
1031,"(82, 87)",40,0,10,20,85,10,207,0
1032,"(82, 88)",35,0,5,5,85,13,84,0
1033,"(82, 89)",40,0,10,20,85,10,193,0
1034,"(82, 90)",30,11.45833333,10,15,85,10,102,0
1035,"(82, 91)",30,22.91666667,0,5,80,10,239,0
1036,"(82, 92)",45,0,0,5,85,9,85,0
1037,"(82, 93)",40,22.91666667,5,10,90,10,153,0
1038,"(82, 94)",45,41.07142857,0,5,90,9,448,0
1039,"(82, 95)",70,7.291666667,0,5,85,4,338,0
1040,"(82, 96)",40,31.25,0,5,85,12,261,0
1041,"(82, 97)",40,46.875,0,5,85,12,249,0
1042,"(82, 98)",30,15.625,0,5,85,12,52,0
1043,"(82, 99)",30,31.25,10,15,85,12,6,0
1044,"(82, 100)",30,15.625,0,5,85,12,86,0
1045,"(82, 101)",50,37.5,25,30,85,8,85,0
1046,"(82, 102)",50,28.125,20,25,85,8,28,0
1047,"(82, 103)",40,0,10,20,85,10,9,0
1048,"(82, 104)",30,28.125,10,15,85,14,34,0
1049,"(82, 105)",25,19.79166667,10,15,85,13,1,0
1050,"(82, 106)",25,19.79166667,10,20,85,13,44,0
1051,"(82, 107)",25,19.79166667,10,15,85,13,41,0
1052,"(82, 108)",30,22.91666667,10,20,85,10,10,0
1053,"(83, 84)",95,92.85714286,90,100,100,1,10,1
1054,"(83, 85)",55,12.14285714,30,35,95,3,394,0
1055,"(83, 86)",55,0,30,35,95,1,286,0
1056,"(83, 87)",75,15.47619048,35,35,100,1,231,0
1057,"(83, 88)",80,47.61904762,5,10,100,4,108,0
1058,"(83, 89)",75,15.47619048,40,40,100,1,217,0
1059,"(83, 90)",65,0,5,10,100,1,126,0
1060,"(83, 91)",75,0,5,10,95,1,263,0
1061,"(83, 92)",70,28.57142857,0,10,100,0,109,0
1062,"(83, 93)",65,0,25,30,95,1,177,0
1063,"(83, 94)",80,42.85714286,5,10,95,0,472,0
1064,"(83, 95)",75,33.92857143,5,10,100,5,362,0
1065,"(83, 96)",65,0,25,30,100,3,285,0
1066,"(83, 97)",65,19.64285714,25,30,100,3,273,0
1067,"(83, 98)",75,58.92857143,15,20,100,3,76,0
1068,"(83, 99)",65,19.64285714,5,10,100,3,18,0
1069,"(83, 100)",75,58.92857143,10,15,100,3,110,0
1070,"(83, 101)",85,26.78571429,40,40,100,1,109,0
1071,"(83, 102)",85,40.17857143,35,35,100,1,4,0
1072,"(83, 103)",75,15.47619048,15,25,100,1,33,0
1073,"(83, 104)",75,32.14285714,10,10,100,5,58,0
1074,"(83, 105)",60,0,10,10,100,4,23,0
1075,"(83, 106)",60,0,35,40,100,4,68,0
1076,"(83, 107)",60,0,30,35,100,4,65,0
1077,"(83, 108)",55,15.47619048,5,10,100,1,14,0
1078,"(84, 85)",60,13.33333333,25,30,95,4,384,0
1079,"(84, 86)",50,0,25,30,95,2,276,0
1080,"(84, 87)",70,16.66666667,35,40,100,0,221,0
1081,"(84, 88)",75,50,5,10,100,3,98,0
1082,"(84, 89)",70,16.66666667,35,40,100,0,207,0
1083,"(84, 90)",60,0,5,10,100,0,116,0
1084,"(84, 91)",70,0,5,10,95,0,253,0
1085,"(84, 92)",65,30.95238095,0,10,100,1,99,0
1086,"(84, 93)",60,0,25,30,95,0,167,0
1087,"(84, 94)",75,30.95238095,5,10,95,1,462,0
1088,"(84, 95)",70,37.5,5,10,100,6,352,0
1089,"(84, 96)",60,0,25,30,100,2,275,0
1090,"(84, 97)",60,0,25,30,100,2,263,0
1091,"(84, 98)",80,62.5,15,20,100,2,66,0
1092,"(84, 99)",70,20.83333333,15,15,100,2,8,0
1093,"(84, 100)",80,62.5,15,20,100,2,100,0
1094,"(84, 101)",80,29.16666667,40,40,100,2,99,0
1095,"(84, 102)",80,43.75,35,35,100,2,14,0
1096,"(84, 103)",70,16.66666667,15,25,100,0,23,0
1097,"(84, 104)",70,0,10,15,100,4,48,0
1098,"(84, 105)",65,0,15,10,100,3,13,0
1099,"(84, 106)",65,0,40,45,100,3,58,0
1100,"(84, 107)",65,0,35,40,100,3,55,0
1101,"(84, 108)",60,16.66666667,10,10,100,0,4,0
1102,"(85, 86)",80,45,55,60,100,2,108,1
1103,"(85, 87)",70,13.33333333,30,30,95,4,163,0
1104,"(85, 88)",35,0,30,30,95,7,286,0
1105,"(85, 89)",70,13.33333333,35,40,95,4,177,0
1106,"(85, 90)",50,13.33333333,0,0,95,4,268,0
1107,"(85, 91)",60,40,25,30,90,4,131,0
1108,"(85, 92)",45,12.14285714,0,0,95,3,285,0
1109,"(85, 93)",60,26.66666667,20,20,90,4,217,0
1110,"(85, 94)",55,12.14285714,20,25,90,3,78,0
1111,"(85, 95)",60,0,20,25,95,2,32,0
1112,"(85, 96)",50,17.5,20,25,95,6,109,0
1113,"(85, 97)",50,17.5,25,30,95,6,121,0
1114,"(85, 98)",60,0,25,30,95,6,318,0
1115,"(85, 99)",60,52.5,0,0,95,6,376,0
1116,"(85, 100)",60,0,30,35,95,6,284,0
1117,"(85, 101)",50,22.5,0,0,95,2,285,0
1118,"(85, 102)",50,11.25,0,0,95,2,398,0
1119,"(85, 103)",70,0,5,10,95,4,361,0
1120,"(85, 104)",50,0,10,15,95,8,336,0
1121,"(85, 105)",55,43.33333333,0,0,95,7,371,0
1122,"(85, 106)",55,43.33333333,10,10,95,7,326,0
1123,"(85, 107)",55,43.33333333,15,15,95,7,329,0
1124,"(85, 108)",50,26.66666667,0,0,95,4,380,0
1125,"(86, 87)",80,58.33333333,45,45,95,2,55,0
1126,"(86, 88)",55,0,25,30,95,5,178,0
1127,"(86, 89)",80,58.33333333,55,55,95,2,69,0
1128,"(86, 90)",70,29.16666667,5,10,95,2,160,0
1129,"(86, 91)",70,14.58333333,10,15,90,2,23,0
1130,"(86, 92)",55,13.39285714,10,15,95,1,177,0
1131,"(86, 93)",70,29.16666667,15,20,90,2,109,0
1132,"(86, 94)",65,0,20,25,90,1,186,0
1133,"(86, 95)",60,0,20,25,95,4,76,0
1134,"(86, 96)",60,18.75,20,25,95,4,1,0
1135,"(86, 97)",60,0,20,25,95,4,13,0
1136,"(86, 98)",60,0,25,35,95,4,210,0
1137,"(86, 99)",70,18.75,15,10,95,4,268,0
1138,"(86, 100)",60,0,25,35,95,4,176,0
1139,"(86, 101)",50,12.5,0,0,95,0,177,0
1140,"(86, 102)",50,12.5,0,0,95,0,290,0
1141,"(86, 103)",80,43.75,20,20,95,2,253,0
1142,"(86, 104)",70,31.25,25,30,95,6,228,0
1143,"(86, 105)",65,22.91666667,10,10,95,5,263,0
1144,"(86, 106)",65,22.91666667,10,10,95,5,218,0
1145,"(86, 107)",65,22.91666667,15,15,95,5,221,0
1146,"(86, 108)",40,0,5,5,95,2,272,0
1147,"(87, 88)",65,0,15,20,100,3,123,0
1148,"(87, 89)",100,100,90,90,100,0,14,1
1149,"(87, 90)",60,33.33333333,0,0,100,0,105,0
1150,"(87, 91)",60,16.66666667,15,10,95,0,32,0
1151,"(87, 92)",65,0,5,15,100,1,122,0
1152,"(87, 93)",70,33.33333333,5,10,95,0,54,0
1153,"(87, 94)",65,0,15,20,95,1,241,0
1154,"(87, 95)",70,12.5,15,15,100,6,131,0
1155,"(87, 96)",70,20.83333333,10,15,100,2,54,0
1156,"(87, 97)",70,0,10,15,100,2,42,0
1157,"(87, 98)",70,20.83333333,20,25,100,2,155,0
1158,"(87, 99)",80,20.83333333,0,10,100,2,213,0
1159,"(87, 100)",70,20.83333333,20,25,100,2,121,0
1160,"(87, 101)",70,14.58333333,0,0,100,2,122,0
1161,"(87, 102)",70,29.16666667,0,0,100,2,235,0
1162,"(87, 103)",100,66.66666667,45,45,100,0,198,0
1163,"(87, 104)",80,33.33333333,15,25,100,4,173,0
1164,"(87, 105)",75,25,0,5,100,3,208,0
1165,"(87, 106)",75,25,20,20,100,3,163,0
1166,"(87, 107)",75,25,15,15,100,3,166,0
1167,"(87, 108)",50,0,0,0,100,0,217,0
1168,"(88, 89)",65,0,20,25,100,3,109,0
1169,"(88, 90)",75,0,0,0,100,3,18,0
1170,"(88, 91)",75,25,20,20,95,3,155,0
1171,"(88, 92)",70,47.61904762,0,10,100,4,1,0
1172,"(88, 93)",65,0,25,25,95,3,69,0
1173,"(88, 94)",80,23.80952381,35,40,95,4,364,0
1174,"(88, 95)",55,20.83333333,35,45,100,9,254,0
1175,"(88, 96)",75,0,55,70,100,1,177,0
1176,"(88, 97)",75,0,55,70,100,1,165,0
1177,"(88, 98)",75,29.16666667,60,75,100,1,32,0
1178,"(88, 99)",65,0,5,5,100,1,90,0
1179,"(88, 100)",75,29.16666667,55,70,100,1,2,0
1180,"(88, 101)",75,22.91666667,0,0,100,5,1,0
1181,"(88, 102)",75,22.91666667,0,0,100,5,112,0
1182,"(88, 103)",65,0,0,5,100,3,75,0
1183,"(88, 104)",85,0,5,10,100,1,50,0
1184,"(88, 105)",70,0,5,0,100,0,85,0
1185,"(88, 106)",70,0,10,10,100,0,40,0
1186,"(88, 107)",70,0,10,10,100,0,43,0
1187,"(88, 108)",65,25,5,0,100,3,94,0
1188,"(89, 90)",60,33.33333333,0,0,100,0,91,0
1189,"(89, 91)",60,16.66666667,15,10,95,0,46,0
1190,"(89, 92)",65,0,5,15,100,1,108,0
1191,"(89, 93)",70,33.33333333,5,10,95,0,40,0
1192,"(89, 94)",65,0,20,20,95,1,255,0
1193,"(89, 95)",70,12.5,20,20,100,6,145,0
1194,"(89, 96)",70,20.83333333,10,15,100,2,68,0
1195,"(89, 97)",70,0,15,20,100,2,56,0
1196,"(89, 98)",70,20.83333333,20,25,100,2,141,0
1197,"(89, 99)",80,20.83333333,0,10,100,2,199,0
1198,"(89, 100)",70,20.83333333,20,25,100,2,107,0
1199,"(89, 101)",70,14.58333333,0,0,100,2,108,0
1200,"(89, 102)",70,29.16666667,0,0,100,2,221,0
1201,"(89, 103)",100,66.66666667,50,55,100,0,184,0
1202,"(89, 104)",80,33.33333333,20,30,100,4,159,0
1203,"(89, 105)",75,25,0,5,100,3,194,0
1204,"(89, 106)",75,25,25,25,100,3,149,0
1205,"(89, 107)",75,25,20,20,100,3,152,0
1206,"(89, 108)",50,0,0,0,100,0,203,0
1207,"(90, 91)",70,16.66666667,0,0,95,0,137,0
1208,"(90, 92)",65,15.47619048,25,40,100,1,17,0
1209,"(90, 93)",70,50,0,0,95,0,51,0
1210,"(90, 94)",75,15.47619048,0,0,95,1,346,0
1211,"(90, 95)",50,12.5,0,0,100,6,236,0
1212,"(90, 96)",70,41.66666667,0,0,100,2,159,0
1213,"(90, 97)",70,20.83333333,0,0,100,2,147,0
1214,"(90, 98)",80,20.83333333,0,0,100,2,50,0
1215,"(90, 99)",60,20.83333333,20,25,100,2,108,0
1216,"(90, 100)",80,20.83333333,0,0,100,2,16,0
1217,"(90, 101)",70,14.58333333,15,20,100,2,17,0
1218,"(90, 102)",70,14.58333333,15,20,100,2,130,0
1219,"(90, 103)",60,16.66666667,0,5,100,0,93,0
1220,"(90, 104)",70,0,20,25,100,4,68,0
1221,"(90, 105)",65,25,15,30,100,3,103,0
1222,"(90, 106)",65,25,5,10,100,3,58,0
1223,"(90, 107)",65,25,5,10,100,3,61,0
1224,"(90, 108)",50,0,35,60,100,0,112,0
1225,"(91, 92)",75,15.47619048,0,5,95,1,154,0
1226,"(91, 93)",70,16.66666667,5,10,90,0,86,0
1227,"(91, 94)",75,15.47619048,25,30,90,1,209,0
1228,"(91, 95)",60,0,20,35,95,6,99,0
1229,"(91, 96)",60,0,5,5,95,2,22,0
1230,"(91, 97)",60,0,5,5,95,2,10,0
1231,"(91, 98)",60,0,10,10,95,2,187,0
1232,"(91, 99)",60,20.83333333,0,0,95,2,245,0
1233,"(91, 100)",60,0,5,5,95,2,153,0
1234,"(91, 101)",70,14.58333333,0,0,95,2,154,0
1235,"(91, 102)",70,14.58333333,0,0,95,2,267,0
1236,"(91, 103)",60,0,0,0,95,0,230,0
1237,"(91, 104)",70,0,10,5,95,4,205,0
1238,"(91, 105)",65,25,0,0,95,3,240,0
1239,"(91, 106)",65,25,0,0,95,3,195,0
1240,"(91, 107)",65,25,0,0,95,3,198,0
1241,"(91, 108)",50,0,0,0,95,0,249,0
1242,"(92, 93)",75,30.95238095,0,10,95,1,68,0
1243,"(92, 94)",70,28.57142857,0,5,95,0,363,0
1244,"(92, 95)",75,11.30952381,0,5,100,5,253,0
1245,"(92, 96)",65,19.64285714,0,10,100,3,176,0
1246,"(92, 97)",65,19.64285714,0,10,100,3,164,0
1247,"(92, 98)",55,19.64285714,0,10,100,3,33,0
1248,"(92, 99)",65,0,20,20,100,3,91,0
1249,"(92, 100)",55,19.64285714,0,10,100,3,1,0
1250,"(92, 101)",75,26.78571429,10,10,100,1,0,0
1251,"(92, 102)",75,26.78571429,20,15,100,1,113,0
1252,"(92, 103)",65,15.47619048,5,10,100,1,76,0
1253,"(92, 104)",65,0,20,15,100,5,51,0
1254,"(92, 105)",70,0,15,35,100,4,86,0
1255,"(92, 106)",70,0,5,35,100,4,41,0
1256,"(92, 107)",70,0,5,35,100,4,44,0
1257,"(92, 108)",55,0,25,35,100,1,95,0
1258,"(93, 94)",85,46.42857143,25,30,90,1,295,0
1259,"(93, 95)",60,0,20,30,95,6,185,0
1260,"(93, 96)",80,62.5,30,35,95,2,108,0
1261,"(93, 97)",80,41.66666667,30,35,95,2,96,0
1262,"(93, 98)",70,20.83333333,45,50,95,2,101,0
1263,"(93, 99)",80,41.66666667,10,10,95,2,159,0
1264,"(93, 100)",70,20.83333333,45,50,95,2,67,0
1265,"(93, 101)",70,43.75,15,15,95,2,68,0
1266,"(93, 102)",70,43.75,15,15,95,2,181,0
1267,"(93, 103)",70,16.66666667,0,5,95,0,144,0
1268,"(93, 104)",70,0,5,10,95,4,119,0
1269,"(93, 105)",85,50,10,10,95,3,154,0
1270,"(93, 106)",85,50,20,20,95,3,109,0
1271,"(93, 107)",85,50,25,25,95,3,112,0
1272,"(93, 108)",70,16.66666667,0,0,95,0,163,0
1273,"(94, 95)",65,11.30952381,50,70,95,5,110,0
1274,"(94, 96)",65,19.64285714,10,15,95,3,187,0
1275,"(94, 97)",65,39.28571429,10,15,95,3,199,0
1276,"(94, 98)",75,58.92857143,25,30,95,3,396,0
1277,"(94, 99)",65,19.64285714,0,0,95,3,454,0
1278,"(94, 100)",75,58.92857143,25,30,95,3,362,0
1279,"(94, 101)",85,66.96428571,0,0,95,1,363,0
1280,"(94, 102)",85,66.96428571,0,0,95,1,476,0
1281,"(94, 103)",65,15.47619048,0,5,95,1,439,0
1282,"(94, 104)",65,32.14285714,5,10,95,5,414,0
1283,"(94, 105)",70,23.80952381,0,0,95,4,449,0
1284,"(94, 106)",70,23.80952381,0,0,95,4,404,0
1285,"(94, 107)",70,23.80952381,0,0,95,4,407,0
1286,"(94, 108)",65,30.95238095,0,0,95,1,458,0
1287,"(95, 96)",50,0,5,15,100,8,77,0
1288,"(95, 97)",50,0,5,15,100,8,89,0
1289,"(95, 98)",50,33.33333333,20,30,100,8,286,0
1290,"(95, 99)",60,0,0,0,100,8,344,0
1291,"(95, 100)",50,33.33333333,20,30,100,8,252,0
1292,"(95, 101)",80,10.41666667,0,0,100,4,253,0
1293,"(95, 102)",80,20.83333333,0,0,100,4,366,0
1294,"(95, 103)",70,0,0,5,100,6,329,0
1295,"(95, 104)",50,0,5,5,100,10,304,0
1296,"(95, 105)",55,0,0,0,100,9,339,0
1297,"(95, 106)",55,0,0,0,100,9,294,0
1298,"(95, 107)",55,0,0,0,100,9,297,0
1299,"(95, 108)",50,12.5,0,0,100,6,348,0
1300,"(96, 97)",100,75,95,100,100,0,12,1
1301,"(96, 98)",80,25,35,45,100,0,209,0
1302,"(96, 99)",70,0,5,10,100,0,267,0
1303,"(96, 100)",80,25,30,35,100,0,175,0
1304,"(96, 101)",60,37.5,15,15,100,4,176,0
1305,"(96, 102)",60,18.75,15,15,100,4,289,0
1306,"(96, 103)",70,20.83333333,10,15,100,2,252,0
1307,"(96, 104)",80,0,10,15,100,2,227,0
1308,"(96, 105)",75,0,5,10,100,1,262,0
1309,"(96, 106)",75,0,25,25,100,1,217,0
1310,"(96, 107)",75,0,30,30,100,1,220,0
1311,"(96, 108)",60,0,0,0,100,2,271,0
1312,"(97, 98)",80,25,35,45,100,0,197,0
1313,"(97, 99)",70,0,0,5,100,0,255,0
1314,"(97, 100)",80,25,35,40,100,0,163,0
1315,"(97, 101)",60,18.75,10,10,100,4,164,0
1316,"(97, 102)",60,0,10,10,100,4,277,0
1317,"(97, 103)",70,0,10,15,100,2,240,0
1318,"(97, 104)",80,37.5,10,15,100,2,215,0
1319,"(97, 105)",75,0,0,0,100,1,250,0
1320,"(97, 106)",75,0,25,25,100,1,205,0
1321,"(97, 107)",75,0,35,35,100,1,208,0
1322,"(97, 108)",60,0,0,0,100,2,259,0
1323,"(98, 99)",70,0,0,5,100,0,58,0
1324,"(98, 100)",100,100,95,95,100,0,34,1
1325,"(98, 101)",70,37.5,5,5,100,4,33,0
1326,"(98, 102)",70,56.25,5,5,100,4,80,0
1327,"(98, 103)",70,20.83333333,5,10,100,2,43,0
1328,"(98, 104)",70,0,10,15,100,2,18,0
1329,"(98, 105)",75,0,0,0,100,1,53,0
1330,"(98, 106)",75,0,15,15,100,1,8,0
1331,"(98, 107)",75,0,15,15,100,1,11,0
1332,"(98, 108)",60,20.83333333,0,0,100,2,62,0
1333,"(99, 100)",70,0,5,10,100,0,92,0
1334,"(99, 101)",60,18.75,20,25,100,4,91,0
1335,"(99, 102)",60,18.75,20,25,100,4,22,0
1336,"(99, 103)",80,0,10,30,100,2,15,0
1337,"(99, 104)",80,0,10,20,100,2,40,0
1338,"(99, 105)",95,87.5,90,75,100,1,5,1
1339,"(99, 106)",95,87.5,15,25,100,1,50,0
1340,"(99, 107)",95,87.5,15,25,100,1,47,0
1341,"(99, 108)",70,41.66666667,50,30,100,2,4,0
1342,"(100, 101)",70,37.5,10,10,100,4,1,0
1343,"(100, 102)",70,56.25,10,10,100,4,114,0
1344,"(100, 103)",70,20.83333333,10,15,100,2,77,0
1345,"(100, 104)",70,0,10,15,100,2,52,0
1346,"(100, 105)",75,0,10,10,100,1,87,0
1347,"(100, 106)",75,0,15,15,100,1,42,0
1348,"(100, 107)",75,0,15,15,100,1,45,0
1349,"(100, 108)",60,20.83333333,0,0,100,2,96,0
1350,"(101, 102)",100,87.5,95,95,100,0,113,1
1351,"(101, 103)",70,29.16666667,25,25,100,2,76,0
1352,"(101, 104)",60,0,30,30,100,6,51,0
1353,"(101, 105)",65,22.91666667,20,25,100,5,86,0
1354,"(101, 106)",65,22.91666667,20,25,100,5,41,0
1355,"(101, 107)",65,22.91666667,20,30,100,5,44,0
1356,"(101, 108)",60,29.16666667,25,30,100,2,95,0
1357,"(102, 103)",70,29.16666667,25,25,100,2,37,0
1358,"(102, 104)",60,0,30,35,100,6,62,0
1359,"(102, 105)",65,22.91666667,20,25,100,5,27,0
1360,"(102, 106)",65,22.91666667,20,25,100,5,72,0
1361,"(102, 107)",65,22.91666667,20,25,100,5,69,0
1362,"(102, 108)",60,29.16666667,30,35,100,2,18,0
1363,"(103, 104)",80,33.33333333,40,60,100,4,25,1
1364,"(103, 105)",75,0,10,20,100,3,10,0
1365,"(103, 106)",75,0,25,30,100,3,35,0
1366,"(103, 107)",75,0,15,20,100,3,32,0
1367,"(103, 108)",50,0,0,5,100,0,19,0
1368,"(104, 105)",75,0,10,15,100,1,35,0
1369,"(104, 106)",75,0,10,15,100,1,10,0
1370,"(104, 107)",75,0,10,10,100,1,7,0
1371,"(104, 108)",60,0,5,15,100,4,44,0
1372,"(105, 106)",100,100,20,25,100,0,45,0
1373,"(105, 107)",100,100,20,25,100,0,42,0
1374,"(105, 108)",75,50,40,40,100,3,9,0
1375,"(106, 107)",100,100,95,95,100,0,3,1
1376,"(106, 108)",75,50,0,5,100,3,54,0
1377,"(107, 108)",75,50,0,0,100,3,51,0
